index,flag,block_,size,timeStamp
0,Malloc,0x27b2ff0,13107200,1527734755531885001
1,Mutable,0x27b2ff0,13107200,1527734755531943387
2,Mutable,0x27de070,111476740,1527734755531983336
3,Read,0xbfb36c0,9600,1527734755532029989
4,Read,0x27decb0,1228800,1527734755532070286
5,Mutable,0x27b2ff0,13107200,1527734755532166526
6,Read,0x278aac0,128,1527734755532222258
7,Layer,0x278aac0,128,1527734755532276245
8,Layer,0x27decb0,1228800,1527734755532313399
9,Layer,0x27b2ff0,13107200,1527734755532351113
10,Layer,0xbfb36c0,9600,1527734755532382960
11,Malloc,0x27b7670,13107200,1527734755532475568
12,Mutable,0x27b7670,13107200,1527734755532579769
13,Free,0x27b7670,13107200,1527734755532634244
14,Read,0x27b2ff0,13107200,1527734755532696891
15,Malloc,0x27ae480,3276800,1527734755532895795
16,Mutable,0x27ae480,3276800,1527734755532961445
17,Read,0x27b2ff0,13107200,1527734755533022205
18,Layer,0x27b2ff0,13107200,1527734755533079684
19,Layer,0x27ae480,3276800,1527734755533115302
20,Malloc,0x27b6530,3276800,1527734755533200158
21,Mutable,0x27b6530,3276800,1527734755533299959
22,Free,0x27b6530,3276800,1527734755533352828
23,Read,0x27ae480,3276800,1527734755533407862
24,Malloc,0x27b72d0,3276800,1527734755533593217
25,Mutable,0x27b72d0,3276800,1527734755533657121
26,Read,0x27ae480,3276800,1527734755533691342
27,Layer,0x27ae480,3276800,1527734755533739043
28,Layer,0x27b72d0,3276800,1527734755533772426
29,Malloc,0x27b2d20,3276800,1527734755533867199
30,Mutable,0x27b2d20,3276800,1527734755533953871
31,Free,0x27b2d20,3276800,1527734755534004155
32,Read,0x27b72d0,3276800,1527734755534066104
33,Malloc,0x27b3fd0,3276800,1527734755534234558
34,Mutable,0x27b3fd0,3276800,1527734755534282607
35,Read,0x27b72d0,3276800,1527734755534314245
36,Layer,0x27b72d0,3276800,1527734755534375145
37,Layer,0x27b3fd0,3276800,1527734755534415583
38,Malloc,0x27b7c20,3276800,1527734755534501835
39,Mutable,0x27b7c20,3276800,1527734755534590602
40,Free,0x27b7c20,3276800,1527734755534644658
41,Read,0x27b3fd0,3276800,1527734755534709819
42,Malloc,0x27b6fb0,3276800,1527734755534929745
43,Mutable,0x27b6fb0,3276800,1527734755534983801
44,Mutable,0x27dde40,36868100,1527734755535023330
45,Read,0x278a8e0,102400,1527734755535058949
46,Read,0x27b3fd0,3276800,1527734755535091285
47,Mutable,0x27b6fb0,3276800,1527734755535221955
48,Read,0x278c1f0,128,1527734755535272799
49,Layer,0x278c1f0,128,1527734755535316658
50,Layer,0x27b3fd0,3276800,1527734755535351299
51,Layer,0x27b6fb0,3276800,1527734755535395088
52,Layer,0x278a8e0,102400,1527734755535427634
53,Malloc,0x27b7840,3276800,1527734755535524292
54,Mutable,0x27b7840,3276800,1527734755535605446
55,Free,0x27b7840,3276800,1527734755535656988
56,Read,0x27b6fb0,3276800,1527734755535719286
57,Malloc,0x27b2400,3276800,1527734755535899822
58,Mutable,0x27b2400,3276800,1527734755535962957
59,Read,0x27b6fb0,3276800,1527734755536008563
60,Layer,0x27b6fb0,3276800,1527734755536071419
61,Layer,0x27b2400,3276800,1527734755536113532
62,Malloc,0x7fc2cdc80aa0,3276800,1527734755536210121
63,Mutable,0x7fc2cdc80aa0,3276800,1527734755536297211
64,Free,0x7fc2cdc80aa0,3276800,1527734755536352455
65,Read,0x27b2400,3276800,1527734755536412168
66,Malloc,0x27b65a0,819200,1527734755536583486
67,Mutable,0x27b65a0,819200,1527734755536632374
68,Read,0x27b2400,3276800,1527734755536661357
69,Layer,0x27b2400,3276800,1527734755536706404
70,Layer,0x27b65a0,819200,1527734755536737692
71,Malloc,0x7fc2cdc814a0,819200,1527734755536828554
72,Mutable,0x7fc2cdc814a0,819200,1527734755536914667
73,Free,0x7fc2cdc814a0,819200,1527734755536966698
74,Read,0x27b65a0,819200,1527734755537022290
75,Malloc,0x7fc2cdc81010,819200,1527734755537183271
76,Mutable,0x7fc2cdc81010,819200,1527734755537244591
77,Read,0x27b65a0,819200,1527734755537280419
78,Layer,0x27b65a0,819200,1527734755537343973
79,Layer,0x7fc2cdc81010,819200,1527734755537381547
80,Malloc,0x27b7870,819200,1527734755537459279
81,Mutable,0x27b7870,819200,1527734755537541690
82,Free,0x27b7870,819200,1527734755537594070
83,Read,0x7fc2cdc81010,819200,1527734755537648336
84,Malloc,0x27b7c50,1638400,1527734755537812180
85,Mutable,0x27b7c50,1638400,1527734755537878458
86,Mutable,0x2719210,3428,1527734755537926578
87,Read,0x2788ca0,204800,1527734755537973022
88,Read,0x7fc2cdc81010,819200,1527734755538010526
89,Mutable,0x27b7c50,1638400,1527734755538101946
90,Read,0x278e8c0,256,1527734755538138124
91,Layer,0x278e8c0,256,1527734755538196021
92,Layer,0x7fc2cdc81010,819200,1527734755538236388
93,Layer,0x27b7c50,1638400,1527734755538272915
94,Layer,0x2788ca0,204800,1527734755538298267
95,Malloc,0x7fc2cdc81840,1638400,1527734755538376557
96,Mutable,0x7fc2cdc81840,1638400,1527734755538454149
97,Free,0x7fc2cdc81840,1638400,1527734755538501990
98,Read,0x27b7c50,1638400,1527734755538558071
99,Malloc,0x27b6960,1638400,1527734755538742728
100,Mutable,0x27b6960,1638400,1527734755538808308
101,Read,0x27b7c50,1638400,1527734755538848256
102,Layer,0x27b7c50,1638400,1527734755538912020
103,Layer,0x27b6960,1638400,1527734755538946242
104,Malloc,0x7fc2cdc82130,1638400,1527734755539039618
105,Mutable,0x7fc2cdc82130,1638400,1527734755539124194
106,Free,0x7fc2cdc82130,1638400,1527734755539174479
107,Read,0x27b6960,1638400,1527734755539223437
108,Malloc,0x7fc2cdc81dd0,409600,1527734755539392869
109,Mutable,0x7fc2cdc81dd0,409600,1527734755539441407
110,Read,0x27b6960,1638400,1527734755539486873
111,Layer,0x27b6960,1638400,1527734755539539323
112,Layer,0x7fc2cdc81dd0,409600,1527734755539567888
113,Malloc,0x7fc2cdc81fd0,409600,1527734755539658260
114,Mutable,0x7fc2cdc81fd0,409600,1527734755539732361
115,Free,0x7fc2cdc81fd0,409600,1527734755539781039
116,Read,0x7fc2cdc81dd0,409600,1527734755539841800
117,Layer,0x7fc2cdc81dd0,409600,1527734755539987556
118,Layer,0x7fc2cdc81dd0,409600,1527734755540035117
119,Malloc,0x7fc2cdc81fd0,409600,1527734755540126957
120,Mutable,0x7fc2cdc81fd0,409600,1527734755540210695
121,Free,0x7fc2cdc81fd0,409600,1527734755540248758
122,Read,0x7fc2cdc81dd0,409600,1527734755540291220
123,Malloc,0x7fc2cdc81fd0,4000,1527734755540451014
124,Read,0x7fc2cdc81dd0,409600,1527734755540519667
125,Read,0x275caa0,40960,1527734755540574142
126,Mutable,0x7fc2cdc81fd0,4000,1527734755540613252
127,Malloc,0x7fc2cdc82160,400,1527734755540691124
128,Mutable,0x7fc2cdc82160,400,1527734755540738825
129,Read,0x7fc2cdc82160,400,1527734755540797839
130,Read,0xbfb3090,40,1527734755540831432
131,Mutable,0x7fc2cdc81fd0,4000,1527734755540862092
132,Mutable,0x7fc2cdc82160,400,1527734755540908466
133,Free,0x7fc2cdc82160,400,1527734755540945830
134,Layer,0xbfb3090,40,1527734755540972370
135,Layer,0x275caa0,40960,1527734755540994718
136,Layer,0x7fc2cdc81dd0,409600,1527734755541019023
137,Layer,0x7fc2cdc81fd0,4000,1527734755541051847
138,Malloc,0x7fc2cdc82080,4000,1527734755541150461
139,Mutable,0x7fc2cdc82080,4000,1527734755541247330
140,Free,0x7fc2cdc82080,4000,1527734755541294192
141,Read,0x7fc2cdc81fd0,4000,1527734755541347759
142,Malloc,0x7fc2cdc81840,4000,1527734755541524664
143,Read,0x7fc2cdc81fd0,4000,1527734755541580746
144,Mutable,0x7fc2cdc81840,4000,1527734755541634243
145,Malloc,0x7fc2cdc82b80,400,1527734755541714140
146,Read,0x7fc2cdc81840,4000,1527734755541767847
147,Mutable,0x7fc2cdc82b80,400,1527734755541806259
148,Malloc,0x7fc2cdc80cb0,40,1527734755541870931
149,Mutable,0x7fc2cdc80cb0,40,1527734755541921285
150,Read,0x7fc2cdc82b80,400,1527734755541986306
151,Read,0x7fc2cdc80cb0,40,1527734755542027372
152,Mutable,0x7fc2cdc81840,4000,1527734755542070533
153,Mutable,0x7fc2cdc80cb0,40,1527734755542125497
154,Free,0x7fc2cdc80cb0,40,1527734755542176481
155,Read,0x7fc2cdc81840,4000,1527734755542224880
156,Mutable,0x7fc2cdc81840,4000,1527734755542273349
157,Malloc,0x7fc2cdc82230,40,1527734755542340465
158,Mutable,0x7fc2cdc82230,40,1527734755542392356
159,Read,0x7fc2cdc81840,4000,1527734755542450463
160,Read,0x7fc2cdc82230,40,1527734755542498024
161,Mutable,0x7fc2cdc82b80,400,1527734755542534760
162,Mutable,0x7fc2cdc82230,40,1527734755542598314
163,Free,0x7fc2cdc82230,40,1527734755542634561
164,Malloc,0x7fc2cdc80cb0,400,1527734755542676884
165,Read,0x7fc2cdc82b80,400,1527734755542752870
166,Mutable,0x7fc2cdc80cb0,400,1527734755542803434
167,Read,0x7fc2cdc81840,4000,1527734755542864404
168,Read,0x7fc2cdc80cb0,400,1527734755542915178
169,Mutable,0x7fc2cdc81840,4000,1527734755542958060
170,Mutable,0x7fc2cdc80cb0,400,1527734755543009672
171,Free,0x7fc2cdc80cb0,400,1527734755543045080
172,Mutable,0x7fc2cdc82b80,400,1527734755543077137
173,Free,0x7fc2cdc82b80,400,1527734755543123092
174,Malloc,0x7fc2cdc82160,400,1527734755543163389
175,Read,0x7fc2cdc81840,4000,1527734755543213884
176,Read,0x27de6a0,400,1527734755543258442
177,Mutable,0x7fc2cdc82160,400,1527734755543305933
178,Layer,0x7fc2cdc81fd0,4000,1527734755543361805
179,Layer,0x27de6a0,400,1527734755543396655
180,Layer,0x7fc2cdc81840,4000,1527734755543433391
181,Layer,0x7fc2cdc82160,400,1527734755543457555
182,Malloc,0x7fc2cdc83410,400,1527734755543533332
183,Mutable,0x7fc2cdc83410,400,1527734755543627267
184,Free,0x7fc2cdc83410,400,1527734755543678110
185,Read,0x7fc2cdc81840,4000,1527734755543731677
186,Read,0x27de6a0,400,1527734755543767435
187,Mutable,0x7fc2cdc81840,4000,1527734755543808920
188,Layer,0x27de6a0,400,1527734755543869681
189,Layer,0x7fc2cdc81840,4000,1527734755543905788
190,Malloc,0x7fc2cdc82230,4000,1527734755544049310
191,Mutable,0x7fc2cdc82230,4000,1527734755544138216
192,Free,0x7fc2cdc82230,4000,1527734755544190037
193,Read,0x7fc2cdc81840,4000,1527734755544257223
194,Mutable,0x7fc2cdc81840,4000,1527734755544303667
195,Read,0x27de6a0,400,1527734755544390687
196,Read,0x7fc2cdc81fd0,4000,1527734755544520799
197,Malloc,0x7fc2cdc82230,40960,1527734755544919097
198,Malloc,0x7fc2cdc83b40,409600,1527734755544976715
199,Malloc,0x7fc2cdc8d320,40,1527734755545028257
200,Malloc,0x7fc2cdc83e10,400,1527734755545075049
201,Mutable,0x7fc2cdc83e10,400,1527734755545122820
202,Read,0x7fc2cdc81840,4000,1527734755545194895
203,Read,0x7fc2cdc83e10,400,1527734755545241757
204,Mutable,0x7fc2cdc8d320,40,1527734755545286455
205,Mutable,0x7fc2cdc83e10,400,1527734755545350149
206,Free,0x7fc2cdc83e10,400,1527734755545392332
207,Malloc,0x7fc2cdc83d00,409600,1527734755545445271
208,Read,0x7fc2cdc81840,4000,1527734755545496743
209,Read,0x275caa0,40960,1527734755545545003
210,Mutable,0x7fc2cdc83d00,409600,1527734755545591935
211,Mutable,0x7fc2cdc83b40,409600,1527734755545661007
212,Free,0x7fc2cdc83b40,409600,1527734755545712269
213,Malloc,0x7fc2cdc83e40,40960,1527734755545758154
214,Read,0x7fc2cdc81dd0,409600,1527734755545806902
215,Read,0x7fc2cdc81840,4000,1527734755545844826
216,Mutable,0x7fc2cdc83e40,40960,1527734755545873600
217,Mutable,0x7fc2cdc82230,40960,1527734755545923884
218,Free,0x7fc2cdc82230,40960,1527734755545958804
219,Layer,0x7fc2cdc8d320,40,1527734755545997216
220,Layer,0x7fc2cdc83e40,40960,1527734755546024524
221,Layer,0x7fc2cdc83d00,409600,1527734755546046314
222,Layer,0x275caa0,40960,1527734755546068244
223,Layer,0x7fc2cdc81840,4000,1527734755546092059
224,Layer,0x7fc2cdc81dd0,409600,1527734755546130401
225,Malloc,0x7fc2cdc83410,409600,1527734755546221822
226,Mutable,0x7fc2cdc83410,409600,1527734755546309331
227,Free,0x7fc2cdc83410,409600,1527734755546355286
228,Malloc,0x7fc2cdc83ab0,40960,1527734755546434065
229,Mutable,0x7fc2cdc83ab0,40960,1527734755546517245
230,Free,0x7fc2cdc83ab0,40960,1527734755546567460
231,Malloc,0x7fc2cdc83b10,40,1527734755546643795
232,Mutable,0x7fc2cdc83b10,40,1527734755546755329
233,Free,0x7fc2cdc83b10,40,1527734755546810992
234,Read,0x7fc2cdc83d00,409600,1527734755546884044
235,Malloc,0x7fc2cdc82230,40960,1527734755547077641
236,Mutable,0x7fc2cdc82230,40960,1527734755547167734
237,Free,0x7fc2cdc82230,40960,1527734755547220254
238,Malloc,0x7fc2cdc8c310,40,1527734755547288208
239,Mutable,0x7fc2cdc8c310,40,1527734755547353160
240,Free,0x7fc2cdc8c310,40,1527734755591538470
241,Layer,0x7fc2cdc83d00,409600,1527734755591608310
242,Layer,0x7fc2cdc83d00,409600,1527734755591643160
243,Malloc,0x7fc2cdc8d720,409600,1527734755591726060
244,Mutable,0x7fc2cdc8d720,409600,1527734755591804491
245,Free,0x7fc2cdc8d720,409600,1527734755591838293
246,Read,0x7fc2cdc83d00,409600,1527734755591892978
247,Malloc,0x7fc2cdc83b10,1638400,1527734755592062060
248,Mutable,0x7fc2cdc83b10,1638400,1527734755592113323
249,Read,0x27b6960,1638400,1527734755592152992
250,Read,0x7fc2cdc83d00,409600,1527734755592191614
251,Read,0x7fc2cdc81dd0,409600,1527734755592225556
252,Layer,0x7fc2cdc83d00,409600,1527734755592269625
253,Layer,0x7fc2cdc83b10,1638400,1527734755592291764
254,Layer,0x7fc2cdc81dd0,409600,1527734755592316767
255,Layer,0x27b6960,1638400,1527734755592347008
256,Mutable,0x27b6960,1638400,1527734755592375991
257,Free,0x27b6960,1638400,1527734755592420409
258,Mutable,0x7fc2cdc81dd0,409600,1527734755592458612
259,Free,0x7fc2cdc81dd0,409600,1527734755592493951
260,Malloc,0x7fc2cdc82130,1638400,1527734755592572730
261,Mutable,0x7fc2cdc82130,1638400,1527734755592647529
262,Free,0x7fc2cdc82130,1638400,1527734755592690550
263,Read,0x7fc2cdc83b10,1638400,1527734755592740137
264,Mutable,0x7fc2cdc83d00,409600,1527734755592872414
265,Free,0x7fc2cdc83d00,409600,1527734755592925562
266,Malloc,0x7fc2cdc81310,1638400,1527734755592988278
267,Mutable,0x7fc2cdc81310,1638400,1527734755593034582
268,Read,0x27b7c50,1638400,1527734755593058328
269,Read,0x7fc2cdc83b10,1638400,1527734755593082353
270,Read,0x27b7c50,1638400,1527734755593115527
271,Layer,0x7fc2cdc81310,1638400,1527734755593158897
272,Layer,0x7fc2cdc83b10,1638400,1527734755593186973
273,Layer,0x27b7c50,1638400,1527734755593211906
274,Mutable,0x27b7c50,1638400,1527734755593244032
275,Free,0x27b7c50,1638400,1527734755593284400
276,Malloc,0x27b7c50,1638400,1527734755593382176
277,Mutable,0x27b7c50,1638400,1527734755593456206
278,Free,0x27b7c50,1638400,1527734755593498809
279,Read,0x7fc2cdc81310,1638400,1527734755593542109
280,Mutable,0x7fc2cdc83b10,1638400,1527734755593659091
281,Free,0x7fc2cdc83b10,1638400,1527734755593708817
282,Malloc,0x7fc2cdc83b10,819200,1527734755593765248
283,Malloc,0x27b7870,204800,1527734755593819653
284,Malloc,0x7fc2cdc83d00,256,1527734755593860161
285,Mutable,0x7fc2cdc83d00,256,1527734755593901925
286,Read,0x7fc2cdc81310,1638400,1527734755593927067
287,Mutable,0x27b7870,204800,1527734755593974209
288,Mutable,0x2719210,3428,1527734755594014577
289,Read,0x7fc2cdc81310,1638400,1527734755594043910
290,Read,0x7fc2cdc81010,819200,1527734755594076874
291,Mutable,0x7fc2cdc83b10,819200,1527734755594162218
292,Mutable,0x2719210,3428,1527734755594202307
293,Read,0x7fc2cdc81310,1638400,1527734755594231430
294,Read,0x2788ca0,204800,1527734755594263486
295,Layer,0x7fc2cdc83d00,256,1527734755594323689
296,Layer,0x7fc2cdc81010,819200,1527734755594348133
297,Layer,0x27b7870,204800,1527734755594365872
298,Layer,0x7fc2cdc83b10,819200,1527734755594384170
299,Layer,0x7fc2cdc81310,1638400,1527734755594412525
300,Layer,0x2788ca0,204800,1527734755594433826
301,Malloc,0x7fc2cdc82130,819200,1527734755594505552
302,Mutable,0x7fc2cdc82130,819200,1527734755594578046
303,Free,0x7fc2cdc82130,819200,1527734755594621347
304,Malloc,0x7fc2cdc81dd0,204800,1527734755594693212
305,Mutable,0x7fc2cdc81dd0,204800,1527734755594780861
306,Free,0x7fc2cdc81dd0,204800,1527734755594820460
307,Malloc,0x7fc2cdc83ab0,256,1527734755594884434
308,Mutable,0x7fc2cdc83ab0,256,1527734755594947848
309,Free,0x7fc2cdc83ab0,256,1527734755594984933
310,Read,0x7fc2cdc83b10,819200,1527734755595033752
311,Malloc,0x7fc2cdc81fa0,204800,1527734755595212821
312,Mutable,0x7fc2cdc81fa0,204800,1527734755595288039
313,Free,0x7fc2cdc81fa0,204800,1527734755595340279
314,Malloc,0x7fc2cdc8d720,256,1527734755595399923
315,Mutable,0x7fc2cdc8d720,256,1527734755595467667
316,Free,0x7fc2cdc8d720,256,1527734755595508943
317,Mutable,0x7fc2cdc81310,1638400,1527734755595564954
318,Free,0x7fc2cdc81310,1638400,1527734755595604624
319,Malloc,0x7fc2cdc81310,819200,1527734755595665454
320,Mutable,0x7fc2cdc81310,819200,1527734755595711060
321,Read,0x27b65a0,819200,1527734755595750938
322,Read,0x7fc2cdc83b10,819200,1527734755595774265
323,Read,0x7fc2cdc81010,819200,1527734755595811071
324,Layer,0x7fc2cdc83b10,819200,1527734755595857933
325,Layer,0x7fc2cdc81310,819200,1527734755595885310
326,Layer,0x27b65a0,819200,1527734755595905075
327,Layer,0x7fc2cdc81010,819200,1527734755595930706
328,Mutable,0x7fc2cdc81010,819200,1527734755595966744
329,Free,0x7fc2cdc81010,819200,1527734755596003759
330,Malloc,0x7fc2cdc81010,819200,1527734755596071155
331,Mutable,0x7fc2cdc81010,819200,1527734755596134360
332,Free,0x7fc2cdc81010,819200,1527734755596161737
333,Read,0x7fc2cdc81310,819200,1527734755596207203
334,Mutable,0x7fc2cdc83b10,819200,1527734755596330540
335,Free,0x7fc2cdc83b10,819200,1527734755596366159
336,Malloc,0x7fc2cdc83b10,3276800,1527734755596427688
337,Mutable,0x7fc2cdc83b10,3276800,1527734755596467916
338,Read,0x27b2400,3276800,1527734755596497388
339,Read,0x7fc2cdc81310,819200,1527734755596524346
340,Read,0x27b65a0,819200,1527734755596551095
341,Layer,0x7fc2cdc81310,819200,1527734755596596351
342,Layer,0x7fc2cdc83b10,3276800,1527734755596622751
343,Layer,0x27b65a0,819200,1527734755596649919
344,Layer,0x27b2400,3276800,1527734755596677715
345,Mutable,0x27b2400,3276800,1527734755596711867
346,Free,0x27b2400,3276800,1527734755596749231
347,Mutable,0x27b65a0,819200,1527734755596775142
348,Free,0x27b65a0,819200,1527734755596809782
349,Malloc,0x7fc2cdc81040,3276800,1527734755596881997
350,Mutable,0x7fc2cdc81040,3276800,1527734755596952046
351,Free,0x7fc2cdc81040,3276800,1527734755596988014
352,Read,0x7fc2cdc83b10,3276800,1527734755597040115
353,Mutable,0x7fc2cdc81310,819200,1527734755597173439
354,Free,0x7fc2cdc81310,819200,1527734755597209337
355,Malloc,0x7fc2cdc81310,3276800,1527734755597273171
356,Mutable,0x7fc2cdc81310,3276800,1527734755597309417
357,Read,0x27b6fb0,3276800,1527734755597344757
358,Read,0x7fc2cdc83b10,3276800,1527734755597377581
359,Read,0x27b6fb0,3276800,1527734755597409079
360,Layer,0x7fc2cdc81310,3276800,1527734755597448190
361,Layer,0x7fc2cdc83b10,3276800,1527734755597468653
362,Layer,0x27b6fb0,3276800,1527734755597492398
363,Mutable,0x27b6fb0,3276800,1527734755597526340
364,Free,0x27b6fb0,3276800,1527734755597576625
365,Malloc,0x7fc2cdc81010,3276800,1527734755597644300
366,Mutable,0x7fc2cdc81010,3276800,1527734755597709950
367,Free,0x7fc2cdc81010,3276800,1527734755597739283
368,Read,0x7fc2cdc81310,3276800,1527734755597779161
369,Mutable,0x7fc2cdc83b10,3276800,1527734755597906968
370,Free,0x7fc2cdc83b10,3276800,1527734755597956485
371,Malloc,0x27b7eb0,3276800,1527734755598015081
372,Malloc,0x7fc2cdc81040,102400,1527734755598066273
373,Malloc,0x27b40a0,128,1527734755598106781
374,Mutable,0x27b40a0,128,1527734755598144354
375,Read,0x7fc2cdc81310,3276800,1527734755598173059
376,Mutable,0x7fc2cdc81040,102400,1527734755598222505
377,Mutable,0x27dde40,36868100,1527734755598245483
378,Read,0x7fc2cdc81310,3276800,1527734755598272301
379,Read,0x27b3fd0,3276800,1527734755598312320
380,Mutable,0x27b7eb0,3276800,1527734755598374687
381,Mutable,0x27dde40,36868100,1527734755598398293
382,Read,0x7fc2cdc81310,3276800,1527734755598416521
383,Read,0x278a8e0,102400,1527734755598434679
384,Layer,0x27b40a0,128,1527734755598544957
385,Layer,0x27b3fd0,3276800,1527734755598576175
386,Layer,0x7fc2cdc81040,102400,1527734755598597476
387,Layer,0x27b7eb0,3276800,1527734755598614657
388,Layer,0x7fc2cdc81310,3276800,1527734755598630231
389,Layer,0x278a8e0,102400,1527734755598645805
390,Malloc,0x27b2d20,3276800,1527734755598715785
391,Mutable,0x27b2d20,3276800,1527734755598800641
392,Free,0x27b2d20,3276800,1527734755598845059
393,Malloc,0x7fc2cdc80aa0,102400,1527734755598917204
394,Mutable,0x7fc2cdc80aa0,102400,1527734755598982015
395,Free,0x7fc2cdc80aa0,102400,1527734755599023989
396,Malloc,0x7fc2cdc818b0,128,1527734755599083982
397,Mutable,0x7fc2cdc818b0,128,1527734755599150050
398,Free,0x7fc2cdc818b0,128,1527734755599179942
399,Read,0x27b7eb0,3276800,1527734755599226176
400,Malloc,0x7fc2cdc81dd0,102400,1527734755599394560
401,Mutable,0x7fc2cdc81dd0,102400,1527734755599455530
402,Free,0x7fc2cdc81dd0,102400,1527734755599482838
403,Malloc,0x27b2d20,128,1527734755599531307
404,Mutable,0x27b2d20,128,1527734755599593185
405,Free,0x27b2d20,128,1527734755599624124
406,Mutable,0x7fc2cdc81310,3276800,1527734755599678390
407,Free,0x7fc2cdc81310,3276800,1527734755599716871
408,Malloc,0x7fc2cdc81310,3276800,1527734755599775607
409,Mutable,0x7fc2cdc81310,3276800,1527734755599817790
410,Read,0x27b72d0,3276800,1527734755599841187
411,Read,0x27b7eb0,3276800,1527734755599860742
412,Read,0x27b3fd0,3276800,1527734755599898106
413,Layer,0x27b7eb0,3276800,1527734755599940848
414,Layer,0x7fc2cdc81310,3276800,1527734755599970460
415,Layer,0x27b72d0,3276800,1527734755599996161
416,Layer,0x27b3fd0,3276800,1527734755600011875
417,Mutable,0x27b72d0,3276800,1527734755600038275
418,Free,0x27b72d0,3276800,1527734755600078223
419,Mutable,0x27b3fd0,3276800,1527734755600111118
420,Free,0x27b3fd0,3276800,1527734755600143943
421,Malloc,0x27b3fd0,3276800,1527734755600230963
422,Mutable,0x27b3fd0,3276800,1527734755600297940
423,Free,0x27b3fd0,3276800,1527734755600338866
424,Read,0x7fc2cdc81310,3276800,1527734755600378466
425,Mutable,0x27b7eb0,3276800,1527734755600506901
426,Free,0x27b7eb0,3276800,1527734755600544196
427,Malloc,0x27b7330,3276800,1527734755600613547
428,Mutable,0x27b7330,3276800,1527734755600660130
429,Read,0x27ae480,3276800,1527734755600691069
430,Read,0x7fc2cdc81310,3276800,1527734755600729202
431,Read,0x27ae480,3276800,1527734755600762446
432,Layer,0x27b7330,3276800,1527734755600803861
433,Layer,0x7fc2cdc81310,3276800,1527734755600824464
434,Layer,0x27ae480,3276800,1527734755600842203
435,Malloc,0x27b3fd0,3276800,1527734755600911973
436,Mutable,0x27b3fd0,3276800,1527734755600978042
437,Free,0x27b3fd0,3276800,1527734755601011146
438,Read,0x27b7330,3276800,1527734755601062827
439,Mutable,0x7fc2cdc81310,3276800,1527734755601190216
440,Free,0x7fc2cdc81310,3276800,1527734755601234494
441,Malloc,0x7fc2cdc81310,13107200,1527734755601293788
442,Mutable,0x7fc2cdc81310,13107200,1527734755601327731
443,Read,0x27b2ff0,13107200,1527734755601356574
444,Read,0x27b7330,3276800,1527734755601385069
445,Read,0x27ae480,3276800,1527734755601414681
446,Layer,0x27b7330,3276800,1527734755601461614
447,Layer,0x7fc2cdc81310,13107200,1527734755601482496
448,Layer,0x27ae480,3276800,1527734755601499537
449,Layer,0x27b2ff0,13107200,1527734755601515879
450,Mutable,0x27b2ff0,13107200,1527734755601548215
451,Free,0x27b2ff0,13107200,1527734755601577548
452,Mutable,0x27ae480,3276800,1527734755601616589
453,Free,0x27ae480,3276800,1527734755601661216
454,Malloc,0x27ae480,13107200,1527734755601739577
455,Mutable,0x27ae480,13107200,1527734755601813049
456,Free,0x27ae480,13107200,1527734755601856140
457,Read,0x7fc2cdc81310,13107200,1527734755601912012
458,Mutable,0x27b7330,3276800,1527734755602070688
459,Free,0x27b7330,3276800,1527734755602115945
460,Malloc,0x27b7c20,1228800,1527734755602176147
461,Malloc,0x27b7eb0,9600,1527734755602217981
462,Malloc,0x7fc2cdc8c310,128,1527734755602259885
463,Mutable,0x7fc2cdc8c310,128,1527734755602292989
464,Read,0x7fc2cdc81310,13107200,1527734755602328887
465,Mutable,0x27b7eb0,9600,1527734755602384549
466,Mutable,0x27de070,111476740,1527734755602419679
467,Read,0x7fc2cdc81310,13107200,1527734755602453830
468,Read,0x27decb0,1228800,1527734755602475201
469,Mutable,0x27b7c20,1228800,1527734755602546368
470,Mutable,0x27de070,111476740,1527734755602571371
471,Read,0x7fc2cdc81310,13107200,1527734755602597002
472,Read,0xbfb36c0,9600,1527734755602626614
473,Layer,0x7fc2cdc8c310,128,1527734755602754422
474,Layer,0x27decb0,1228800,1527734755602791996
475,Layer,0x27b7eb0,9600,1527734755602810503
476,Layer,0x27b7c20,1228800,1527734755602826846
477,Layer,0x7fc2cdc81310,13107200,1527734755602843677
478,Layer,0xbfb36c0,9600,1527734755602859461
479,Malloc,0x27b6630,1228800,1527734755602928044
480,Mutable,0x27b6630,1228800,1527734755603005846
481,Free,0x27b6630,1228800,1527734755603048867
482,Malloc,0x7fc2cdc83b10,9600,1527734755603113958
483,Mutable,0x7fc2cdc83b10,9600,1527734755603181842
484,Free,0x7fc2cdc83b10,9600,1527734755603224095
485,Malloc,0x7fc2cdc81dd0,128,1527734755603281923
486,Mutable,0x7fc2cdc81dd0,128,1527734755603346036
487,Free,0x7fc2cdc81dd0,128,1527734755603385985
488,Read,0x27b7c20,1228800,1527734755603431800
489,Malloc,0x27b7e20,9600,1527734755604435749
490,Mutable,0x27b7e20,9600,1527734755604505729
491,Free,0x27b7e20,9600,1527734755604548262
492,Malloc,0x27b7840,128,1527734755604607625
493,Mutable,0x27b7840,128,1527734755604668526
494,Free,0x27b7840,128,1527734755604711128
495,Mutable,0x7fc2cdc81310,13107200,1527734755604756035
496,Free,0x7fc2cdc81310,13107200,1527734755604788302
497,Mutable,0x27b7c20,1228800,1527734755604831323
498,Free,0x27b7c20,1228800,1527734755604870363
499,Read,0x7fc2cdc82160,400,1527734755604900953
500,Mutable,0x7fc2cdc81fd0,4000,1527734755604994469
501,Free,0x7fc2cdc81fd0,4000,1527734755605043706
502,Mutable,0x7fc2cdc82160,400,1527734755605079115
503,Free,0x7fc2cdc82160,400,1527734755605109984
504,Mutable,0x7fc2cdc81840,4000,1527734755605147139
505,Free,0x7fc2cdc81840,4000,1527734755605186110
506,Mutable,0x27b24c0,40960,1527734755605229900
507,Free,0x27b24c0,40960,1527734755605274178
508,Mutable,0x27be460,256,1527734755605304698
509,Free,0x27be460,256,1527734755605337453
510,Mutable,0x27b0980,204800,1527734755605401147
511,Free,0x27b0980,204800,1527734755605434112
512,Mutable,0x27bd4c0,128,1527734755605478181
513,Free,0x27bd4c0,128,1527734755605513031
514,Mutable,0x27bd270,102400,1527734755605559056
515,Free,0x27bd270,102400,1527734755605598725
516,Mutable,0x27b10b0,128,1527734755605638045
517,Free,0x27b10b0,128,1527734755605676247
518,Mutable,0x27a8760,9600,1527734755605705650
519,Free,0x27a8760,9600,1527734755605738824
520,Malloc,0x27b10b0,9600,1527734755605826124
521,Mutable,0x27b10b0,9600,1527734755605889538
522,Free,0x27b10b0,9600,1527734755605922014
523,Malloc,0x27ae450,128,1527734755605969645
524,Mutable,0x27ae450,128,1527734755606022653
525,Free,0x27ae450,128,1527734755606051707
526,Malloc,0x27bd4c0,102400,1527734755606120359
527,Mutable,0x27bd4c0,102400,1527734755606174974
528,Free,0x27bd4c0,102400,1527734755606202072
529,Malloc,0x27b0980,128,1527734755606247259
530,Mutable,0x27b0980,128,1527734755606298172
531,Free,0x27b0980,128,1527734755606327575
532,Malloc,0x27b0980,204800,1527734755606391618
533,Mutable,0x27b0980,204800,1527734755606447630
534,Free,0x27b0980,204800,1527734755606475426
535,Malloc,0x27be460,256,1527734755606523266
536,Mutable,0x27be460,256,1527734755606573621
537,Free,0x27be460,256,1527734755606600858
538,Malloc,0x27ae450,40960,1527734755606662178
539,Mutable,0x27ae450,40960,1527734755606714348
540,Free,0x27ae450,40960,1527734755648653535
541,Malloc,0x7fc2cdc83e10,40,1527734755648717998
542,Mutable,0x7fc2cdc83e10,40,1527734755648775476
543,Free,0x7fc2cdc83e10,40,1527734755648807044
544,Mutable,0x27b2520,40,1527734755648852091
545,Free,0x27b2520,40,1527734755648887080
546,Read,0xbfb36c0,9600,1527734755648949098
547,Mutable,0x27b7eb0,9600,1527734755648976545
548,Read,0x271a050,9600,1527734755649078582
549,Mutable,0x271a050,9600,1527734755649122022
550,Read,0x27b7eb0,9600,1527734755649171399
551,Mutable,0x271a050,9600,1527734755649201360
552,Read,0xbfb36c0,9600,1527734755649241588
553,Read,0x271a050,9600,1527734755649269384
554,Mutable,0xbfb36c0,9600,1527734755649291803
555,Read,0x27ac2d0,128,1527734755649372329
556,Mutable,0x27ac2d0,128,1527734755649393909
557,Read,0x7fc2cdc8c310,128,1527734755649427781
558,Mutable,0x27ac2d0,128,1527734755649457394
559,Read,0x278aac0,128,1527734755649493152
560,Read,0x27ac2d0,128,1527734755649527164
561,Mutable,0x278aac0,128,1527734755649550071
562,Read,0x278a8e0,102400,1527734755649614953
563,Mutable,0x7fc2cdc81040,102400,1527734755649641282
564,Read,0x271c300,102400,1527734755649717897
565,Mutable,0x271c300,102400,1527734755649750233
566,Read,0x7fc2cdc81040,102400,1527734755649792276
567,Mutable,0x271c300,102400,1527734755649822377
568,Read,0x278a8e0,102400,1527734755649867913
569,Read,0x271c300,102400,1527734755649902693
570,Mutable,0x278a8e0,102400,1527734755649928394
571,Read,0x271c2a0,128,1527734755650007523
572,Mutable,0x271c2a0,128,1527734755650034900
573,Read,0x27b40a0,128,1527734755650070728
574,Mutable,0x271c2a0,128,1527734755650094544
575,Read,0x278c1f0,128,1527734755650134213
576,Read,0x271c2a0,128,1527734755650170180
577,Mutable,0x278c1f0,128,1527734755650194205
578,Read,0x2788ca0,204800,1527734755650262090
579,Mutable,0x27b7870,204800,1527734755650287442
580,Read,0x27ac070,204800,1527734755650364755
581,Mutable,0x27ac070,204800,1527734755650389967
582,Read,0x27b7870,204800,1527734755650433966
583,Mutable,0x27ac070,204800,1527734755650450937
584,Read,0x2788ca0,204800,1527734755650479153
585,Read,0x27ac070,204800,1527734755650500873
586,Mutable,0x2788ca0,204800,1527734755650531044
587,Read,0x27dece0,256,1527734755650613455
588,Mutable,0x27dece0,256,1527734755650638807
589,Read,0x7fc2cdc83d00,256,1527734755650679593
590,Mutable,0x27dece0,256,1527734755650707669
591,Read,0x278e8c0,256,1527734755650786518
592,Read,0x27dece0,256,1527734755650817388
593,Mutable,0x278e8c0,256,1527734755650836454
594,Read,0x275caa0,40960,1527734755650905037
595,Mutable,0x7fc2cdc83e40,40960,1527734755650928084
596,Read,0x27204c0,40960,1527734755650988007
597,Mutable,0x27204c0,40960,1527734755651010635
598,Read,0x7fc2cdc83e40,40960,1527734755651042761
599,Mutable,0x27204c0,40960,1527734755651060291
600,Read,0x275caa0,40960,1527734755651089414
601,Read,0x27204c0,40960,1527734755651109249
602,Mutable,0x275caa0,40960,1527734755651124125
603,Read,0x27209b0,40,1527734755651192149
604,Mutable,0x27209b0,40,1527734755651216453
605,Read,0x7fc2cdc8d320,40,1527734755651249557
606,Mutable,0x27209b0,40,1527734755651268274
607,Read,0xbfb3090,40,1527734755651296141
608,Read,0x27209b0,40,1527734755651316604
609,Mutable,0xbfb3090,40,1527734755651333156
610,Mutable,0x27decb0,1228800,1527734756653110417
611,Mutable,0x27de6a0,400,1527734756653466182
