index,MallocFree,block_,data_
1247,1,0x7fa35300b310
1248,4,0x7fa35300b310
1249,4,0x3318d10
1250,2,0x3eb3760
1251,2,0x3317d10
1252,4,0x7fa35300b310
1253,2,0x337adf0
1254,3,0x337adf0
1255,3,0x3317d10
1256,3,0x7fa35300b310
1257,3,0x3eb3760
1258,1,0x3397de0
1259,4,0x3397de0
1260,-1,0x3397de0
1261,2,0x7fa35300b310
1262,1,0x33975b0
1263,4,0x33975b0
1264,2,0x7fa35300b310
1265,3,0x7fa35300b310
1266,3,0x33975b0
1267,1,0x33993e0
1268,4,0x33993e0
1269,-1,0x33993e0
1270,2,0x33975b0
1271,1,0x3399250
1272,4,0x3399250
1273,2,0x33975b0
1274,3,0x33975b0
1275,3,0x3399250
1276,1,0x3399500
1277,4,0x3399500
1278,-1,0x3399500
1279,2,0x3399250
1280,1,0x3399570
1281,4,0x3399570
1282,2,0x3399250
1283,3,0x3399250
1284,3,0x3399570
1285,1,0x33996e0
1286,4,0x33996e0
1287,-1,0x33996e0
1288,2,0x3399570
1289,1,0x33994c0
1290,4,0x33994c0
1291,4,0x3319060
1292,2,0x3380da0
1293,2,0x3399570
1294,4,0x33994c0
1295,2,0xd500cb0
1296,3,0xd500cb0
1297,3,0x3399570
1298,3,0x33994c0
1299,3,0x3380da0
1300,1,0x33988b0
1301,4,0x33988b0
1302,-1,0x33988b0
1303,2,0x33994c0
1304,1,0x3398d70
1305,4,0x3398d70
1306,2,0x33994c0
1307,3,0x33994c0
1308,3,0x3398d70
1309,1,0x33989f0
1310,4,0x33989f0
1311,-1,0x33989f0
1312,2,0x3398d70
1313,1,0x33989f0
1314,4,0x33989f0
1315,2,0x3398d70
1316,3,0x3398d70
1317,3,0x33989f0
1318,1,0x339a280
1319,4,0x339a280
1320,-1,0x339a280
1321,2,0x33989f0
1322,1,0x339a250
1323,4,0x339a250
1324,2,0x33989f0
1325,3,0x33989f0
1326,3,0x339a250
1327,1,0x339a3f0
1328,4,0x339a3f0
1329,-1,0x339a3f0
1330,2,0x339a250
1331,1,0x3399a30
1332,4,0x3399a30
1333,4,0x7fa35300a420
1334,2,0xd4ffa30
1335,2,0x339a250
1336,4,0x3399a30
1337,2,0x337ab10
1338,3,0x337ab10
1339,3,0x339a250
1340,3,0x3399a30
1341,3,0xd4ffa30
1342,1,0x339a800
1343,4,0x339a800
1344,-1,0x339a800
1345,2,0x3399a30
1346,1,0x3399fa0
1347,4,0x3399fa0
1348,2,0x3399a30
1349,3,0x3399a30
1350,3,0x3399fa0
1351,1,0x339a8f0
1352,4,0x339a8f0
1353,-1,0x339a8f0
1354,2,0x3399fa0
1355,1,0x339a8f0
1356,4,0x339a8f0
1357,2,0x3399fa0
1358,3,0x3399fa0
1359,3,0x339a8f0
1360,1,0x3399c00
1361,4,0x3399c00
1362,-1,0x3399c00
1363,2,0x339a8f0
1364,3,0x339a8f0
1365,3,0x339a8f0
1366,1,0x339a9f0
1367,4,0x339a9f0
1368,-1,0x339a9f0
1369,2,0x339a8f0
1370,1,0x339aa60
1371,2,0x339a8f0
1372,2,0x327d540
1373,4,0x339aa60
1374,1,0x339b510
1375,4,0x339b510
1376,2,0x339b510
1377,2,0x3382600
1378,4,0x339aa60
1379,4,0x339b510
1380,-1,0x339b510
1381,3,0x3382600
1382,3,0x327d540
1383,3,0x339a8f0
1384,3,0x339aa60
1385,1,0x339b6b0
1386,4,0x339b6b0
1387,-1,0x339b6b0
1388,2,0x339aa60
1389,1,0x339b6b0
1390,2,0x339aa60
1391,4,0x339b6b0
1392,1,0x339a620
1393,2,0x339b6b0
1394,4,0x339a620
1395,1,0x339acd0
1396,4,0x339acd0
1397,2,0x339a620
1398,2,0x339acd0
1399,4,0x339b6b0
1400,4,0x339acd0
1401,-1,0x339acd0
1402,2,0x339b6b0
1403,4,0x339b6b0
1404,1,0x339acd0
1405,4,0x339acd0
1406,2,0x339b6b0
1407,2,0x339acd0
1408,4,0x339a620
1409,4,0x339acd0
1410,-1,0x339acd0
1411,1,0x339acd0
1412,2,0x339a620
1413,4,0x339acd0
1414,2,0x339b6b0
1415,2,0x339acd0
1416,4,0x339b6b0
1417,4,0x339acd0
1418,-1,0x339acd0
1419,4,0x339a620
1420,-1,0x339a620
1421,1,0x339ab70
1422,2,0x339b6b0
1423,2,0x3317650
1424,4,0x339ab70
1425,3,0x339aa60
1426,3,0x3317650
1427,3,0x339b6b0
1428,3,0x339ab70
1429,1,0x339c1e0
1430,4,0x339c1e0
1431,-1,0x339c1e0
1432,2,0x339b6b0
1433,2,0x3317650
1434,4,0x339b6b0
1435,3,0x3317650
1436,3,0x339b6b0
1437,1,0x339c360
1438,4,0x339c360
1439,-1,0x339c360
1440,2,0x339b6b0
1441,4,0x339b6b0
1442,2,0x3317650
1443,2,0x339aa60
1444,1,0x339c1e0
1445,1,0x339c360
1446,1,0x339dd40
1447,1,0x339dda0
1448,4,0x339dda0
1449,2,0x339b6b0
1450,2,0x339dda0
1451,4,0x339dd40
1452,4,0x339dda0
1453,-1,0x339dda0
1454,1,0x339dda0
1455,2,0x339b6b0
1456,2,0x327d540
1457,4,0x339dda0
1458,4,0x339c360
1459,-1,0x339c360
1460,1,0x339c360
1461,2,0x339a8f0
1462,2,0x339b6b0
1463,4,0x339c360
1464,4,0x339c1e0
1465,-1,0x339c1e0
1466,3,0x339dd40
1467,3,0x339c360
1468,3,0x339dda0
1469,3,0x327d540
1470,3,0x339b6b0
1471,3,0x339a8f0
1472,1,0x339b910
1473,4,0x339b910
1474,-1,0x339b910
1475,1,0x339ddd0
1476,4,0x339ddd0
1477,-1,0x339ddd0
1478,1,0x339e240
1479,4,0x339e240
1480,-1,0x339e240
1481,2,0x339dda0
1482,1,0x339e3a0
1483,4,0x339e3a0
1484,-1,0x339e3a0
1485,1,0x339e710
1486,4,0x339e710
1487,-1,0x339e710
1488,3,0x339dda0
1489,3,0x339dda0
1490,1,0x339e4a0
1491,4,0x339e4a0
1492,-1,0x339e4a0
1493,2,0x339dda0
1494,1,0x339e1b0
1495,4,0x339e1b0
1496,2,0x3399fa0
1497,2,0x339dda0
1498,2,0x339a8f0
1499,3,0x339dda0
1500,3,0x339e1b0
1501,3,0x339a8f0
1502,3,0x3399fa0
1503,4,0x3399fa0
1504,-1,0x3399fa0
1505,4,0x339a8f0
1506,-1,0x339a8f0
1507,1,0x339a8f0
1508,4,0x339a8f0
1509,-1,0x339a8f0
1510,2,0x339e1b0
1511,4,0x339dda0
1512,-1,0x339dda0
1513,1,0x3398dd0
1514,4,0x3398dd0
1515,2,0x3399a30
1516,2,0x339e1b0
1517,2,0x3399a30
1518,3,0x3398dd0
1519,3,0x339e1b0
1520,3,0x3399a30
1521,4,0x3399a30
1522,-1,0x3399a30
1523,1,0x3399a30
1524,4,0x3399a30
1525,-1,0x3399a30
1526,2,0x3398dd0
1527,4,0x339e1b0
1528,-1,0x339e1b0
1529,1,0x339aa30
1530,1,0x339dcd0
1531,1,0x339b470
1532,4,0x339b470
1533,2,0x3398dd0
1534,4,0x339dcd0
1535,4,0x7fa35300a420
1536,2,0x3398dd0
1537,2,0x339a250
1538,4,0x339aa30
1539,4,0x7fa35300a420
1540,2,0x3398dd0
1541,2,0xd4ffa30
1542,3,0x339b470
1543,3,0x339a250
1544,3,0x339dcd0
1545,3,0x339aa30
1546,3,0x3398dd0
1547,3,0xd4ffa30
1548,1,0x339ca30
1549,4,0x339ca30
1550,-1,0x339ca30
1551,1,0x339a980
1552,4,0x339a980
1553,-1,0x339a980
1554,1,0x339cd00
1555,4,0x339cd00
1556,-1,0x339cd00
1557,2,0x339aa30
1558,1,0x339d080
1559,4,0x339d080
1560,-1,0x339d080
1561,1,0x339d3c0
1562,4,0x339d3c0
1563,-1,0x339d3c0
1564,4,0x3398dd0
1565,-1,0x3398dd0
1566,1,0x339a800
1567,4,0x339a800
1568,2,0x33989f0
1569,2,0x339aa30
1570,2,0x339a250
1571,3,0x339aa30
1572,3,0x339a800
1573,3,0x33989f0
1574,3,0x339a250
1575,4,0x339a250
1576,-1,0x339a250
1577,1,0x3399fd0
1578,4,0x3399fd0
1579,-1,0x3399fd0
1580,2,0x339a800
1581,4,0x339aa30
1582,-1,0x339aa30
1583,1,0x339ca30
1584,4,0x339ca30
1585,2,0x3398d70
1586,2,0x339a800
1587,2,0x33989f0
1588,3,0x339a800
1589,3,0x339ca30
1590,3,0x33989f0
1591,3,0x3398d70
1592,4,0x3398d70
1593,-1,0x3398d70
1594,4,0x33989f0
1595,-1,0x33989f0
1596,1,0x3399510
1597,4,0x3399510
1598,-1,0x3399510
1599,2,0x339ca30
1600,4,0x339a800
1601,-1,0x339a800
1602,1,0x339a280
1603,4,0x339a280
1604,2,0x33994c0
1605,2,0x339ca30
1606,2,0x33994c0
1607,3,0x339a280
1608,3,0x339ca30
1609,3,0x33994c0
1610,4,0x33994c0
1611,-1,0x33994c0
1612,1,0x339a800
1613,4,0x339a800
1614,-1,0x339a800
1615,2,0x339a280
1616,4,0x339ca30
1617,-1,0x339ca30
1618,1,0x3399280
1619,1,0x339e9c0
1620,1,0x7fa352eef780
1621,4,0x7fa352eef780
1622,2,0x339a280
1623,4,0x339e9c0
1624,4,0x3319060
1625,2,0x339a280
1626,2,0x3399570
1627,4,0x3399280
1628,4,0x3319060
1629,2,0x339a280
1630,2,0x3380da0
1631,3,0x7fa352eef780
1632,3,0x3399570
1633,3,0x339e9c0
1634,3,0x3399280
1635,3,0x339a280
1636,3,0x3380da0
1637,1,0x7fa352eefc90
1638,4,0x7fa352eefc90
1639,-1,0x7fa352eefc90
1640,1,0x7fa352eefc10
1641,4,0x7fa352eefc10
1642,-1,0x7fa352eefc10
1643,1,0x7fa352eefd40
1644,4,0x7fa352eefd40
1645,-1,0x7fa352eefd40
1646,2,0x3399280
1647,1,0x7fa352ef02d0
1648,4,0x7fa352ef02d0
1649,-1,0x7fa352ef02d0
1650,1,0x7fa352ef0260
1651,4,0x7fa352ef0260
1652,-1,0x7fa352ef0260
1653,4,0x339a280
1654,-1,0x339a280
1655,1,0x3399ac0
1656,4,0x3399ac0
1657,2,0x3399250
1658,2,0x3399280
1659,2,0x3399570
1660,3,0x3399280
1661,3,0x3399ac0
1662,3,0x3399250
1663,3,0x3399570
1664,4,0x3399250
1665,-1,0x3399250
1666,4,0x3399570
1667,-1,0x3399570
1668,1,0x3399570
1669,4,0x3399570
1670,-1,0x3399570
1671,2,0x3399ac0
1672,4,0x3399280
1673,-1,0x3399280
1674,1,0x3399540
1675,4,0x3399540
1676,2,0x33975b0
1677,2,0x3399ac0
1678,2,0x33975b0
1679,3,0x3399540
1680,3,0x3399ac0
1681,3,0x33975b0
1682,1,0x7fa352ef0750
1683,4,0x7fa352ef0750
1684,-1,0x7fa352ef0750
1685,2,0x3399540
1686,4,0x3399ac0
1687,-1,0x3399ac0
1688,1,0x3398c80
1689,4,0x3398c80
1690,2,0x7fa35300b310
1691,2,0x3399540
1692,2,0x33975b0
1693,3,0x3399540
1694,3,0x3398c80
1695,3,0x33975b0
1696,3,0x7fa35300b310
1697,4,0x7fa35300b310
1698,-1,0x7fa35300b310
1699,4,0x33975b0
1700,-1,0x33975b0
1701,1,0x7fa35300b310
1702,4,0x7fa35300b310
1703,-1,0x7fa35300b310
1704,2,0x3398c80
1705,4,0x3399540
1706,-1,0x3399540
1707,1,0x33996e0
1708,1,0x3476130
1709,1,0x7fa352ef0ca0
1710,4,0x7fa352ef0ca0
1711,2,0x3398c80
1712,4,0x3476130
1713,4,0x3318d10
1714,2,0x3398c80
1715,2,0x3317d10
1716,4,0x33996e0
1717,4,0x3318d10
1718,2,0x3398c80
1719,2,0x3eb3760
1720,3,0x7fa352ef0ca0
1721,3,0x3317d10
1722,3,0x3476130
1723,3,0x33996e0
1724,3,0x3398c80
1725,3,0x3eb3760
1726,1,0x7fa352ef0fb0
1727,4,0x7fa352ef0fb0
1728,-1,0x7fa352ef0fb0
1729,1,0x7fa352ef0f30
1730,4,0x7fa352ef0f30
1731,-1,0x7fa352ef0f30
1732,1,0x7fa352ef0fb0
1733,4,0x7fa352ef0fb0
1734,-1,0x7fa352ef0fb0
1735,2,0x33996e0
1736,1,0x7fa352ef1020
1737,4,0x7fa352ef1020
1738,-1,0x7fa352ef1020
1739,1,0x7fa352ef0930
1740,4,0x7fa352ef0930
1741,-1,0x7fa352ef0930
1742,4,0x3398c80
1743,-1,0x3398c80
1744,4,0x33996e0
1745,-1,0x33996e0
1746,2,0x339ab70
1747,4,0x339aa60
1748,-1,0x339aa60
1749,4,0x339ab70
1750,-1,0x339ab70
1751,4,0x339b6b0
1752,-1,0x339b6b0
1753,4,0x3476240
1754,-1,0x3476240
1755,4,0x3477f30
1756,-1,0x3477f30
1757,4,0x34782f0
1758,-1,0x34782f0
1759,4,0x3478fd0
1760,-1,0x3478fd0
1761,4,0x3477200
1762,-1,0x3477200
1763,4,0x339f210
1764,-1,0x339f210
1765,4,0x33974c0
1766,-1,0x33974c0
1767,1,0x339ade0
1768,4,0x339ade0
1769,-1,0x339ade0
1770,1,0x339c3f0
1771,4,0x339c3f0
1772,-1,0x339c3f0
1773,1,0x7fa352ef1890
1774,4,0x7fa352ef1890
1775,-1,0x7fa352ef1890
1776,1,0x3478600
1777,4,0x3478600
1778,-1,0x3478600
1779,1,0x3478600
1780,4,0x3478600
1781,-1,0x3478600
1782,1,0x7fa352ef19b0
1783,4,0x7fa352ef19b0
1784,-1,0x7fa352ef19b0
1785,1,0x7fa352ef19b0
1786,4,0x7fa352ef19b0
1787,-1,0x7fa352ef19b0
1788,1,0x339f450
1789,4,0x339f450
1790,-1,0x339f450
1791,4,0x3475680
1792,-1,0x3475680
1793,2,0x3eb3760
1794,4,0x3476130
1795,2,0x3471750
1796,4,0x3471750
1797,2,0x3476130
1798,4,0x3471750
1799,2,0x3eb3760
1800,2,0x3471750
1801,4,0x3eb3760
1802,2,0x7fa35300cf90
1803,4,0x7fa35300cf90
1804,2,0x7fa352ef0ca0
1805,4,0x7fa35300cf90
1806,2,0x337adf0
1807,2,0x7fa35300cf90
1808,4,0x337adf0
1809,2,0x3380da0
1810,4,0x339e9c0
1811,2,0x3471ca0
1812,4,0x3471ca0
1813,2,0x339e9c0
1814,4,0x3471ca0
1815,2,0x3380da0
1816,2,0x3471ca0
1817,4,0x3380da0
1818,2,0x3471970
1819,4,0x3471970
1820,2,0x7fa352eef780
1821,4,0x3471970
1822,2,0xd500cb0
1823,2,0x3471970
1824,4,0xd500cb0
1825,2,0xd4ffa30
1826,4,0x339dcd0
1827,2,0x34719a0
1828,4,0x34719a0
1829,2,0x339dcd0
1830,4,0x34719a0
1831,2,0xd4ffa30
1832,2,0x34719a0
1833,4,0xd4ffa30
1834,2,0x3471fd0
1835,4,0x3471fd0
1836,2,0x339b470
1837,4,0x3471fd0
1838,2,0x337ab10
1839,2,0x3471fd0
1840,4,0x337ab10
1841,2,0x327d540
1842,4,0x339c360
1843,2,0x3472b00
1844,4,0x3472b00
1845,2,0x339c360
1846,4,0x3472b00
1847,2,0x327d540
1848,2,0x3472b00
1849,4,0x327d540
1850,2,0x34727e0
1851,4,0x34727e0
1852,2,0x339dd40
1853,4,0x34727e0
1854,2,0x3382600
1855,2,0x34727e0
1856,4,0x3382600
1857,4,0x3317d10
1858,4,0x3317650
